"TWEETCL2_","LABEL_"
"pilih di","POS"
"keren pilih di menang","POS"
"minta pemerintah lahan rumah murah sekitar dukung","POS"
"pres ini alasan mengapa urus saksi partai partai","POS"
"ini alasan mengapa urus saksi dukung","POS"
"ini sikap asli dubes terhadap dua dukung","POS"
"sudah unggul di siap jadi saksi","POS"
"siap tempur ketua dewan pengurus","POS"
"siap tempur besar","POS"
"media unggul lembaga survei bungkam dukung","POS"
"hamzah industri kreatif itu fasis dukung","POS"
"kampanye di basis merah optimistis ketua","POS"
"perempuan punya cara jitu dukung","POS"
"keren kampanye di yakin menang","POS"
"hatta klik","POS"
"perempuan punya cara jitu perempuan punya cara bagaimana dia","POS"
"perempuan ajak dengan tulus","POS"
"kampanye di yakin","POS"
"istri akhwat strategi jitu ketua perempuan pendukung","POS"
"para ulama di masjid untuk","POS"
"budayawan indonesia butuh budayawan saidi menilai pasangan adalah","POS"
"aktivis mahasiswa gerakan pemenangan hari ini kamis juni puluhan aktivis","POS"
"ada tanya siapa pilihan ini","POS"
"setuju hidup mati jaya tentara","POS"
"konsolidasi tim media dewan pengurus wilayah partai keadilan sejahtera","POS"
"jadwal dan stiker laris di pasar tiban dukung","POS"
"ajak masyarakat memilih peci dukung","POS"
"ajak masyarakat memilih dukung","POS"
"jadwal dan stiker laris di pasar tiban","POS"
"jadi jika jadi presiden akan tambah besar dan tambah banyak akan banyak ya","POS"
"pilih pilih mana yang terbaik hatta nomer","POS"
"akan saya dukung tapi lebih mendukung jika yang menang","POS"
"para pendukung bapak via","POS"
"sepakat bilang uan debat mental","POS"
"bu pilih pasti pasti aja pilihan tepat saat ini","POS"
"arifin ilham kepemimpinan islami ada pada","POS"
"hanya angkat jempol saat soal kader partai demokrasi","POS"
"muslimat doa bersama dukung","POS"
"pilihan cerdas indonesia lebih maju","POS"
"tegas pilih no visi misi menjadikan indonesia no","POS"
"lagu pemenangan ya","POS"
"hati nurani berseberangan dengan muslimat nu dukung muslimat","POS"
"ada pengorbanan buat indonesia ada nah kalo perang anak bawang jadi gubernur","POS"
"amanat konstitusi sebagai pilar utama pembangunan","POS"
"macan kucing","POS"
"lucu itu puan maharani masak kampanye di minta rakyat pilih hatta deh joki","POS"
"jawaban hatta relevan ucapan hatta hanya menutupi kesalahan ucapan kata potensi nasi bubur bung","POS"
"pak anis saya lagu pemenangan tolong sampai kan sama pak","POS"
"ya pilihan kita jangan pernah merendahkan bukan pilihan kita saya juga dukung pak","POS"
"ini isi pakta integritas buruh","POS"
"sebelah sekedar info","POS"
"agar karya di luar ini saran putra nama desainer memang terdengar asing di tanah air namun ka","POS"
"lagu pemenangan","POS"
"guru di jember dukung","POS"
"aja kampret lo ah macam apa bisa kalah juga","POS"
"mengenal lebih dekat masalah pendukung loyal","POS"
"mantap sekali habis oleh di acara debat malam siap aja hatta meroket","POS"
"arifin ilham kepemimpinan islami ada pada salam pak","POS"
"sikap ke harus","POS"
"ah deh aja","POS"
"saya lagu pemenangan tolong sama pak","POS"
"tim resmi bentukan pemerintah secara hukum memutuskan bersalah hasil itu rekomendasi tim resmi","POS"
"pemuda pancasila mendukung terbukti hari mengikuti acara konsolidasi","POS"
"wawancara bukan penculik berita kabar","POS"
"mimpi ibu ibu tak khawatir masa depan anak betul jika sudah pegang kartu pintar","POS"
"keluarga cendana dukung duduk berdampingan dengan tak sek","POS"
"tanggapan dan beberapa tantangan saya untuk jenderal","POS"
"bukti pembangunan ada dia pernah kalo masalah dari muda dia militer","POS"
"apa kalo yang menang","POS"
"untuk duduk emak lo ye","POS"
"sindikasi agar karya di luar ini saran putra","POS"
"puluhan kader perjuangan dukung","POS"
"bang mau tanya menurut lo kalo emang penjahat kenapa wakil","POS"
"itu apa adanya has","POS"
"sangat tepat untuk buruh buruh sejahtera","POS"
"triliun untuk perguruan tinggi","POS"
"lah eh titis","POS"
"benci sama pasangan jadi ya kalau nanti tusuk mereka di bilik suara nomor memang tiada","POS"
"elu setuju sama di kita tusuk bareng","POS"
"pendukung ajakan memilih lewat email","POS"
"sebagai pilar utama pembangunan pembangunan hatta","POS"
"tinggal kompas si joki turun sampai ini","POS"
"hatta kebocoran yang dimaksud calon wakil presiden nomor urut satu ha","POS"
"nomor via keren bingit","POS"
"hatta kebocoran yang dimaksud","POS"
"salam satu jiwa cerdas pilih","POS"
"pernah nih radio sih lu aja mau malah jadi cuma rame apa itu merakyat","POS"
"duda keren","POS"
"salam jari salam persatuan tuk","POS"
"pendukung teriakan buka dulu","POS"
"nasionalisme impor beras kok buat pemenuhan sinting jawaban mencoreng nasionalisme","POS"
"hidup hidup hidup hidup","POS"
"sapa rakyat nyata kampanye sisa intens","POS"
"keren dana penelitian triliun","POS"
"tiga saja keputusan yang tegas via","POS"
"bakal kebanjiran dukungan untuk","POS"
"jatuh hati pada","POS"
"klarifikasi harta ke beri hormat hatta tak komentar regional beri harta","POS"
"hidup botol hidup hidup hidup hidup","POS"
"bergerak pilih dukung","POS"
"dana penelitian triliun berita","POS"
"akan unggul di","POS"
"dalam aku memilih sesuai bahwa lebih baik","POS"
"selamat milad pak semoga kado ulang tahun anda adalah kemenangan","POS"
"dana penelitian triliun pasangan","POS"
"panjang kaki pak","POS"
"belanda kalah di awal di","POS"
"om nih","POS"
"tim buka puasa bersama dalam rangka menyambut tim pemenangan","POS"
"tim buka puasa bersama","POS"
"santri gus dur dukung","POS"
"kita aja","POS"
"ini baru jiwa pemimpin perwira dengan berani mengakui kesalahan mau","POS"
"survei penampilan di debat lebih baik","POS"
"mirip di ribuan warga kampanye","POS"
"demokrasi adalah tangga menuju indonesia sejahtera","POS"
"pilih maka survei penampilan di debat lebih baik","POS"
"masa sih pa akan menang di kandang merah","POS"
"dana penelitian triliun id pasangan dan","POS"
"keluarga cendana persen dukung","POS"
"video santri pasang spanduk dukungan di tebing pasir","POS"
"perjuangan pun berlabuh ke","POS"
"biasa orang kalau mau kalah kalap hidup","POS"
"pernah tugas di tokoh jabar pilih","POS"
"kompas si joki turun sampai jari","POS"
"saya kaget pak ganjar kaget bupati dukung indonesia","POS"
"menyambut juni deklarasi relawan","POS"
"nanti jika jadi presiden analis pol orang dia bermanfaat","POS"
"kupas tuntas ini sangat merugikan dan segera sebelum","POS"
"demokrasi ya pak ganjar tidak khawatir dukung","POS"
"ikutan ribuan nahdiyin untuk","POS"
"dukung ganjar tidak khawatir","POS"
"galang dukungan untuk","POS"
"demokrasi praktis terus ganjar tak khawatir dukung","POS"
"sudah pada sadar kejutan luar biasa sebagian besar pemilih justru dukung","POS"
"dalam sprint terakhir tim kampanye menelurkan lagu untuk menginspirasi pemilih terutama anak muda indonesia","POS"
"nah catet tak politik uang pada surat untuk guru","POS"
"yakin bisa bentuk pemerintahan yang kuat","POS"
"kalo anda oke kan memang pendukung yang","POS"
"dalam mengusung nama dan calon","POS"
"sore ini allah berpidato berbahasa inggris di depan duta besar negara","POS"
"lebih unggul dalam debat","POS"
"bulan kemenangan dukung","POS"
"lain taat kelakuan saya tak taat menjalankan ritual agama","POS"
"tak dukung mas garuda nomor satu","POS"
"sudah dukung ini jawaban","POS"
"kuat tidak","POS"
"alhamdulillah masih unggul","POS"
"tiga saja keputusan yang tegas","POS"
"menyatakan tidak terlibat deklarasi dukung yang koalisi mahasiswa di","POS"
"buletin panggil tim terkait kasus surat untuk para guru indonesia","POS"
"aja apalagi untuk indonesia","POS"
"ranting muslimat nu dukung","POS"
"lawan pasukan nazi ayah kurang tidur berat merosot","POS"
"subsidi dan pupuk ada hatta","POS"
"hidup mau boneka mega","POS"
"dari semua kader demokrat sudah ke","POS"
"panggil tim terkait kasus surat untuk para guru pihak pasangan calon","POS"
"mayoritas pemilih menentukan pilihan pada masa kampanye dan hari tenang","POS"
"terpenting dan kerendahan hati gaet pendekatan simpatik","POS"
"sindir bos pajak sebut rasio pajak persen cuma mimpi gempur koruptor","POS"
"surat pribadi terbang hingga ke tempo","POS"
"masih unggul","POS"
"kampanye hitam sabar pak tak politik uang pada surat untuk guru","POS"
"di batu","POS"
"bakal pecat jika betul dukung","POS"
"pilih siap menjaga","POS"
"parikan dukung di sidang paripurna","POS"
"merapat ke","POS"
"pan konsolidasi internal untuk pemenangan","POS"
"sedangkan pemilih yang memutuskan pada masa kampanye dan minggu tenang banyak memilih","POS"
"alat peraga kampanye milik pasangan bergambar wahid alias gus dur mulai marak terpasang","POS"
"wasiat bagi warga nu agar dukung jadi presiden via","POS"
"pertahanan paling kuat itu kemakmuran rakyat","POS"
"kubu dan optimis dukungan resmi partai demokrat kepada pasangan","POS"
"sepak terjang dalam dunia militer presiden","POS"
"ini relawan setelah dukung","POS"
"giliran komunitas kristen dukung","POS"
"dan presiden","POS"
"tak seperti banteng tim lebih elegan dengan langsung somasi pikiran rakyat atas kampanye hitam","POS"
"hibur pendukung penyanyi asal menggelar konser di sena","POS"
"kata terima coblos kata saya coblos lain sesuai hati nurani beri uang mungkin akan","POS"
"sebagai perbandingan sadis pun paling lapor atau nilai mana","POS"
"pendukung pada sehat","POS"
"dubes pernah juta ketika","POS"
"manusia punya hak ini relawan setelah dukung","POS"
"massa di bawa serta surat pribadi","POS"
"tipi metromini emang parah tiap hari keburukan semua tapi ada pendukung","POS"
"lembaga persahabatan islam pilih","POS"
"banyak akun jelas doang macam ni","POS"
"kak ya lagu dari nih pak","POS"
"tidak sakit hati soal kebocoran","POS"
"kampanye di ribuan warga","POS"
"biar kaya tetapi usaha sendiri daripada kaya yang berlagak miskin berasal dari keluarga sederhana","POS"
"mengaji dulu sebelum mudik via sarangan pas menuju","POS"
"untuk ribuan mahasiswa mandat ke","POS"
"partai kami tidak kekerasan untuk hal itu cukup hati lapang dia menginstruksikan anarkis","POS"
"video generasi muda relawan dukung kampanye kreatif","POS"
"di pimpin gubernur sebagai anggota tapi hati kami tetap pada","POS"
"ini alasan kenapa terus naik","POS"
"kalau bukan sekarang kapan lagi kalau bukan kita siapa lagi senang nih sama pak","POS"
"nama itu nama pahlawan kemerdekaan gugur melawan darah ksatria di dia akan jaga indonesia","POS"
"memilih karena indonesia butuh negarawan yang mampu contoh dan keteladanan","POS"
"nama nama paman pahlawan gugur lawan darah ksatria kan jaga indonesia","POS"
"atas dasar pertimbangan ini akhirnya presiden memutuskan adalah","POS"
"langka tokoh yang punya nasionalisme patriotisme dan cinta tanah air sekuat mungkin dia jual","POS"
"adalah kita kita adalah rakyat rakyat pemimpin yaitu","POS"
"sudah unggul di barat dan","POS"
"siapa orang pilih dan wakil masak orang","POS"
"presiden kita saya adalah kamu kamu adalah kita dan kita adalah bangsa indonesia","POS"
"sudah unggul di barat dan terus meningkat","POS"
"jam lebih dekat bersama kalo orang paling ikhlas kepada rakyat indonesia itu gus dur","POS"
"sadis memang presiden","POS"
"alhamdulillah lagi di karang anyar pilih dukung","POS"
"butir kontrak politik dan bicara kepentingan islam juga bicara kepentingan seluruh elemen bang","POS"
"semua kayak orang on liat masa lalu terus jangan manusia pasti punya","POS"
"barisan pendukung terus bermunculan kali ini barisan pendukung","POS"
"sebut kata merdeka batuk","POS"
"ayuk kita pilih damai itu indah bersama bersatu kita teguh indonesia bangkit merdeka","POS"
"liat pasukan baik maupun begitu mendominasi kampanye kecuali lah","POS"
"dukungan dari","POS"
"hatta putusan putaran tak ubah strategi pemenangan","POS"
"tembus persen tingkat pasangan hatta","POS"
"ingin kampanye dengan sejuk calon presiden","POS"
"sungkem sama dalam bulan bisa bawa presiden ikut kebaktian gereja","POS"
"koalisi gerakan melawan lupa gugat keputusan ke indonesia","POS"
"unggul di pasangan akan","POS"
"siapa yang kenal nama semua orang juga tahu kalo pak ini tegas","POS"
"fakta ini kini lewat buku","POS"
"pidato dahsyat saat deklarasi berita terbaru hari ini","POS"
"orasi mengharukan di medan juni","POS"
"lalu media on gerakan pemuda dan tokoh masyarakat kebagusan","POS"
"politisi senior perjuangan itu bakal suara pasangan hatta","POS"
"capai persen pekan ini sudah","POS"
"gratis di kota menyiapkan program","POS"
"kampanye hitam yang kau buat aku tetap memilih","POS"
"harus mengungkit masa lalu bagai mana masa lalu mega dan pres","POS"
"si pancasila abadi","POS"
"pidato yang menggetarkan jiwa","POS"
"si salim al pancasila abadi","POS"
"fakta adalah nama paman yang gugur di pertempuran lengkong","POS"
"semoga bisa di amin hadiah alquran raksasa untuk","POS"
"satu jam lebih dekat juni presiden","POS"
"pak ada di iklan cup secara taktis","POS"
"untuk indonesia bangkit via","POS"
"pertemuan lagi dan","POS"
"di mata gus dur","POS"
"bapak perjuangan terdepan untuk indonesia raya kami anda jenderal","POS"
"selamat datang presiden dan wakil presiden indonesia periode","POS"
"yang kini lewat buku","POS"
"sejarah dan tanah abang presiden","POS"
"dukung jadi presiden karena layak tolak karena","POS"
"apalagi kota kecil info begitu terdengar di keluarga korps baju hilang di pertempuran semua heboh kok","POS"
"berang sejumlah bupati dukung","POS"
"mau presiden itu kok cuma liat rakyat dan menjadikan indonesia macan","POS"
"kian unggul optimis menang","POS"
"laskar target suara bagi di solo","POS"
"banget sebut pernah bohong","POS"
"makanya suara dan alih ke pengkhianat di kubu","POS"
"tidur dulu masih","POS"
"lagi mas anang indonesia bangkit","POS"
"mendominasi juga lah tapi pendukung no itu kritis logis pendukung dominasi","POS"
"tim minta konflik","POS"
"kita dukung seluruh mandat yang bapak ke bapak dapat secara amanah kesatria","POS"
"gratis di delapan kota","POS"
"prediksi cenderung bertahan kebijakan ketika tidak populer skor lain cenderung mengubah","POS"
"asing mana suka sama beliau mudah di atur beliau nasionalis dan","POS"
"tiap langkah pa","POS"
"kantor dukung","POS"
"brutal massa pendukung rusak kampung basis via","POS"
"kenapa pilih dan hatta menurut saya mereka pemimpin yang seutuhnya bangsa yang besar dan kaya ini harus ada pemimpin tegas","POS"
"ini kata bagus juga kadang orang","POS"
"pilih lah yang penting kau senang aku pilih","POS"
"pak masih berguna jadi mendingan anda suruh nanti kena stroke ketiga","POS"
"seorang purnawirawan bintang tiga sahabat dekat berkata yang adalah","POS"
"kenapa mendukung akal sehat aja lah","POS"
"presiden guru duit stempel kacau","POS"
"salam jari garuda merah coblos peci no","POS"
"sudah bukan zaman anak muda apatis sama negara memilih","POS"
"alhasil dapat info to alhamdulillah dari arab pasangan menang","POS"
"kurang mengerti saya bagaimana yang dulu menandatangani pemecatan jadi presiden","POS"
"motif metro akan pemberitaan keras yang nantinya oleh massa al","POS"
"agar serangan ke metro ini menimbulkan kesan benar oleh pendukung marah atas","POS"
"aset metro akan massa massa itu al pagar masuk kaca pos","POS"
"agar itu adalah benar massa puluhan pemuda juga","POS"
"dia indonesia pasti mantap","POS"
"merah lagi dan sepertinya akan memenangkan di pesan","POS"
"saya khawatir kalau tak sokong pak sebab tun mengaku kenal pak","POS"
"yang sabar kesabaran","POS"
"bin","POS"
"mengapa memilih akal sehat persis apa yang di bandung mantap","POS"
"saya sungguh cinta kepada tokoh seorang saya ingin meneladani sifat seorang","POS"
"perasaan tim sukses pindah haluan","POS"
"sasaran fitnah massa melalui serangan ke metro ini adalah umat islam kelompok","POS"
"menang telak di","POS"
"wa salam pagi juga salam dua jari lupa pilih dan coblos no","POS"
"ini cara pengembangan desa ala kubu dana miliar untuk seti","POS"
"yuk di order ini cara pengembangan desa ala ke album ya","POS"
"kalo bingung coblos aja dua tetap nomor hidup pilih","POS"
"ini cara pengembangan desa ala kubu dana miliar hatta","POS"
"ini cara pengembangan desa ala kubu","POS"
"ini cara pengembangan desa ala kubu dana miliar","POS"
"keluarga mahasiswa korban tragedi beri dukungan ke dukung","POS"
"kubu mereka bisa lihat siapa pantas jadi presiden","POS"
"ya kalo pasti lah","POS"
"ini cara pengembangan desa ala","POS"
"masih sama apa kabar pernah liat","POS"
"merinding juta suara dari putra putri untuk via","POS"
"mahasiswa wilayah siap merapat ke bundaran hi pada","POS"
"sejumlah kader dan ke","POS"
"ciri pemimpin bisa menggetarkan energi bergerak bekerja","POS"
"metro indonesia riset kampanye kampanye kubu hatta ra","POS"
"warga lampung di siap","POS"
"fakta tahun tim pendaki mendahului tim ke puncak","POS"
"kubu mereka bisa lihat siapa pantas jadi presiden indonesia tuit","POS"
"namun hari dan tempat sama kita tim menggelar deklarasi bersama pemuda dan","POS"
"laskar siap antar ke istana","POS"
"bersama kader bagi bagi takjil di alun alun","POS"
"teman terlalu sedikit musuh terlalu banyak","POS"
"tegas berwibawa dan bagus ya dia jadi presiden aku mohon jangan di indonesia","POS"
"siapa orang paling terkenal di hatta","POS"
"presiden amin kader berbalik mendukung hatta","POS"
"ulama di guru di beri dukungan","POS"
"pak kalo aku gus dur biar sekolah libur bulan kalo","POS"
"bos itu tak penting tanggapan mu soal doa dan nasehat buat","POS"
"solidaritas terpilih atau akan tobat orang baik tobat","POS"
"oleh partai dan kemarin malam wejangan dari pak","POS"
"ulama nu dukung yang tegas dan berani","POS"
"mulai simpatik di dia dan menyalami akan dan","POS"
"maju pelatih dukung","POS"
"sejumlah bupati ke efek revolusi mental","POS"
"si aja pilih keren solidaritas kalau terpilih","POS"
"mari penuh berkah ini kita bersama","POS"
"mau salam jari","POS"
"menjalani menjadi presiden politik","POS"
"tau kan pemimpin idaman","POS"
"calon presiden menyatakan tantangan besar yang indonesia saat ini","POS"
"alasan dukung koalisi merah putih sosok indonesia","POS"
"saya berdoa semoga allah selalu membimbing dan menunjuki jalan kebenaran kepada pak gerbong besar","POS"
"mengaku memang sejak awal mengagumi sosok yang memiliki tegas dan visioner","POS"
"perkara ke hutan demi negara ini di liput media bukan cari nama","POS"
"supaya tidak berat sebelah kita lihat juga pandangan ekonomi kreatif dari no","POS"
"semoga cita tercapai amin","POS"
"rakyat","POS"
"kami dapat lagi pak kami memilih anda tapi artikel lain","POS"
"anis tidak pernah menghadiri kebaktian mereka masuk ruangan prosesi","POS"
"memiliki konsep yang jelas dalam penegakan hukum soal pemberantasan korupsi","POS"
"pak kami pilih anda tapi","POS"
"sabar mak lempar kalpataru usai debat meroket","POS"
"jawaban santun dari aku suka itu","POS"
"juli siapa pemimpin yang suka turun ke bawah untuk meninjau langsung keadaan","POS"
"mendapat dukungan kiai kultural nu raya dukungan untuk pasangan","POS"
"lah cinta damai","POS"
"pemimpin nu pilih beliau sungguh lebih dan lebih","POS"
"ya emang sih kalo pak ada marah kok pak sih","POS"
"nilai debat","POS"
"yakin bisa berantas korupsi","POS"
"salut paling beda adalah apa adanya ketika dia tau singkatan dia bilang tau","POS"
"grogi kikuk liat terbiasa di pemerintahan aja juga sama ke putus","POS"
"ah aku dukung kok kok di suruh","POS"
"wajar ulama dukung dari pendukung no dan","POS"
"walaupun akhirnya presiden saya rela sumpah saya rela asal presiden di indonesia di negara arab boleh lah","POS"
"seandainya aku punya hak pilih tahun ini dah","POS"
"hasil dari revolusi mental seorang ibu memakai kaos sampai babak belur","POS"
"setuju warga lokal sanksi keras perusahaan kerusakan hutan","POS"
"hanya bisa membedakan adipura dan kalpataru di hujat para miris","POS"
"pak allah tanggal juli nanti saya akan anda semoga allah terbaik bagi negeri ini lewat anda","POS"
"salam jari jari telunjuk dan jari tengah untuk lain","POS"
"pilih kita butuh pemimpin yang berani dan tegas","POS"
"jadi pak semalam mengklaim bersih maling hanya ada di pihak ah bapak gajah di pelupuk mata","POS"
"pak kami memilih anda tapi tapi kalaupun anda tidak terpilih kami yakin pengabdian tak memerlukan","POS"
"dia memilih karena sudah sangat oke tapi saya ini bukan globe ini bung","POS"
"bu mendukung pak kebaikan kita","POS"
"hati semakin mantap memilih pak untuk memimpin indonesia","POS"
"kali makanya kok ya","POS"
"kerja apa kah ini hari minggu iya palu juga dan","POS"
"allah mohon do yakin bisa berantas korupsi","POS"
"bohong terus setuju salam dan pada akhirnya","POS"
"ketemu yang penting jabatan sama pa kamil beres","POS"
"dukung menang dukung ya","POS"
"diri usai debat meroket","POS"
"fakta tak siap kalah lebih siap","POS"
"debat kemarin memang milik pasangan nomer urut pak tetapi nilai isi","POS"
"titik","POS"
"tapi terkadang gue heran kenapa terlalu sendiri padahal orang dia sangat","POS"
"amin rakyat yang mendukung pak","POS"
"setuju sehingga kita pilih ini pesan sangat bagus dan tepat","POS"
"jika ada pertanyaan seperti apa sih pak","POS"
"baret bangga presiden gagah tegas takut pak itu galak kok","POS"
"dia sih kali makanya kok ya","POS"
"dukung dukung gerakan di sahabat","POS"
"langkah memperbaiki bangsa indonesia presiden","POS"
"tetap yakin bung kalau debat semalam bung hatta ada kesalahan wajar semua manusia punya salah salam nomor","POS"
"wahai dukung santri di enam imbauan ulama","POS"
"menunjukkan ia tak menganggap remeh ia menghargai perhatian pada apa lawan","POS"
"info jabar klub motor jadi relawan","POS"
"lu usah jelek lu juga","POS"
"jiwa hati rasa kata untuk indonesia raya hatta untuk indonesia","POS"
"klub motor jadi relawan","POS"
"membuktikan bahwa mafia minyak merugikan negara mendukung eks","POS"
"pak kami memilih anda tapi lewat","POS"
"yakin raih persen suara nasional","POS"
"unggul hasil","POS"
"mahasiswa bergerak berikan mandat kepada mahasiswa ini berasal dari puluhan kampus","POS"
"gue mah pilih","POS"
"fakta kepada dunia bahwa mampu misi penyelamatan sandera","POS"
"gue jatuh hati","POS"
"usai debat meroket","POS"
"alhamdulillah ya mbak solo tuan","POS"
"saya khawatir jika terpilih","POS"
"liat wakil itu cuma bisa ikut ketua juga bukan pilih","POS"
"sepakat","POS"
"setuju pak saya bapak terpilih menjadi","POS"
"dari giri dan silsilah sunan lewat","POS"
"saya ingin jadi presiden via","POS"
"jawaban pertama serempak karena tegas","POS"
"pasti lah keluarga siap di","POS"
"pak kami memilih anda tapi artikel lain","POS"
"mahasiswa bergerak berikan mandat kepada kabar","POS"
"membuktikan eks adalah sejati","POS"
"pesan dan hatta setelah masa kampanye selesai","POS"
"jari sepuluh buat pak allah saya dan keluarga besar akan","POS"
"alhamdulillah usai debat meroket","POS"
"surat terbuka untuk sang pelacur intelektual dukung","POS"
"pak yang dulu mendukung impor beras rakyat","POS"
"pak kami memilih anda tapi oleh salim dalam rajutan makna pak","POS"
"janji akan bangun bangsa yang terhormat jika mendapat mandat via","POS"
"hanya mengingatkan hadir ke tusuk pilihan satu untuk indonesia","POS"
"bapak presiden pilihan kamu","POS"
"kejadian dan tanda tanda alam via","POS"
"video kreatif relawan muda untuk indonesia bangkit","POS"
"pilih lah no bung hatta berkah","POS"
"mengapa saya dukung karena saya hidup bukan di masa lalu tokoh militer berwibawa dari","POS"
"cita cita saya indonesia menjadi bangsa yang merdeka bersih kuat aman dan bermartabat","POS"
"masuk berita merah putih","POS"
"adalah pemimpin yang tegas cerdas dan mampu hidup","POS"
"bukan kader deklarasi dukung","POS"
"saling melengkapi dan punya pengalaman di bidang","POS"
"surya apresiasi komitmen pemerhati lingkungan mengapresiasi","POS"
"apresiasi komitmen pemerhati lingkungan mengapresiasi","POS"
"simpatisan dukung hatta","POS"
"apresiasi komitmen pemerhati lingkungan mengapresiasi komitmen calon presiden dan calon","POS"
"ini kok malah para pendukung bahwa pemungutan suara di baik saja apa ada apa","POS"
"apresiasi komitmen pemerhati lingkungan berkata","POS"
"unsur nu deklarasi jihad mendukung","POS"
"kubu ini mengharapkan ini berjalan lancar aman dan adil atau tidak","POS"
"ribu resmi dukung","POS"
"doa ulama untuk lewat","POS"
"pemimpin yang mampu bangsa ini menjadi berwibawa dan berdaulat nomor","POS"
"keren bu karena dukung ini tanggapan","POS"
"justru pendukung bahwa pemungutan suara di tadi berjalan baik saja rakyat malah akan sema","POS"
"ulama dan santri nu dukung","POS"
"alasan ketua umum dukung","POS"
"liputan warga nu lebih banyak pilih liputan","POS"
"ribuan warga nu gelar istigasah dukung","POS"
"dukung mulai kebingungan","POS"
"saya unggul saya mendukung","POS"
"gue kasihan sama pak sebenarnya dia itu masih jujur si ini tapi jahat itu orang pendukung di","POS"
"pilih pertimbangan mereka menang serta mampu memimpin negeri kita menjadi lebih baik","POS"
"di kubu sudah melakukan serangan politik dan bagi beras pakai seragam pemuda pancasila","POS"
"nu dan dukung","POS"
"ribuan kader dukung","POS"
"apresiasi komitmen pemerhati lingkungan mengapresiasi komitmen calo","POS"
"dosen tekad dukung","POS"
"survei persen pemilih pilih","POS"
"alhamdulillah pemuda ulama nu dan pemuda bersatu dukung","POS"
"juga sering tapi dia tetap reaksi kita menunjukkan kelas kita","POS"
"mengenal leluhur para ksatria lembah oleh","POS"
"mau fakta pendukung kenapa lebih pantas jadi presiden","POS"
"pendukung jangan terpancing provokasi","POS"
"ke jangan ke kami di grup ada iklan pencak silat nih","POS"
"allah bakal menang ini","POS"
"perjalanan panjang menuju putra begawan ekonomi punya karier militer yang cemerlang hingga","POS"
"pesan dari muhammad arifin ilham dan majelis beliau mendukung penuh","POS"
"jangan terpancing mereka saudara kita semoga mereka lekas sadar persatuan","POS"
"menang untuk dan untuk menjadi presiden","POS"
"membangun kembali indonesia lewat","POS"
"suka duka selama menjadi presiden calon presiden siap menyambut hari","POS"
"ya bismillah no pilih no untuk pancasila yang abadi","POS"
"hutang hanya juta rupiah","POS"
"setelah bicara atas mei","POS"
"ali berkata mampu memimpin dari sabang berikan amanah dia pasti bisa memimpin baik","POS"
"sumpah cocok dah jadi presiden indonesia gagah","POS"
"makin mantap pilih ustad arifin ilham untuk","POS"
"kita semuanya harus memilih presiden kita semua","POS"
"pasangan dan tren kenaikan dengan pasangan","POS"
"banyak hal positif mu tidak di media tapi kami akhirnya tau terima kasih kau pemimpin ikhlas","POS"
"menurut survei di barat pasangan nomor unggul jumlah penduduk","POS"
"perjalanan panjang menuju putra begawan ekonomi punya karier militer yang","POS"
"pemimpin itu tegas dan ada bukti nyata tak cukup hanya sederhana dan merakyat","POS"
"dan setiap lebaran pasti mengirim makanan dan prajurit","POS"
"presiden ke sih liat di ru","POS"
"salam nang ke indonesia syaikh kemenangan","POS"
"gue otomatis juga","POS"
"salam nang arifin ilham pada ayah negeri ini ingin berkah","POS"
"mengapa harus memilih baca ini","POS"
"kami memilih untuk indonesia yang lebih baik","POS"
"ada menang tinggal nih harus menang","POS"
"sama emak bapak gue","POS"
"ke indonesia syaikh kemenangan","POS"
"saya yakin ini menang umat islam bertepatan lah","POS"
"arifin ilham pada ayah negeri ini ingin berkah","POS"
"garuda di dada ku koalisi merah putih","POS"
"sapu bersih kelurahan di utara","POS"
"buletin tim menang di indonesia","POS"
"salah satu korban penculikan order malah presiden","POS"
"garuda merah jangan om kita cuma","POS"
"jangan om kita cuma","POS"
"menang di","POS"
"menang di perolehan suara pasangan menang tip","POS"
"orang yang kuat tidak perlu pamer kekuatan","POS"
"hus hus sana tak golek dukung pak lah","POS"
"dan jika jadi presiden itu semoga bangsa ini tidak kau ubah seperti garuda kau nilai nilai","POS"
"di juga kan unggul","POS"
"ternyata orang babakan madang","POS"
"kamis menang luar kalah tau sapa menang sapa kalah","POS"
"mari kita tetap menunggu hasil resmi sepakat hanya mengandalkan versi tidak usah ada saja bagaimana","POS"
"pasangan meraih persen suara pada pemilihan presiden yang","POS"
"sosok dongkrak suara di kota bogor","POS"
"tim minta publik tunggu hasil di kubu dan meminta publik","POS"
"minta semua pihak tindakan teror calon presiden meminta semua pihak","POS"
"jiwa ksatria itu tidak pamer kekuatan calon presiden menilai berlebihan ya","POS"
"raih persen suara di pasangan meraih","POS"
"tunggu hasil final bismillah presiden yang suka usah","POS"
"deklarasi muna bet tidak tepat kemenangan sekarang","POS"
"pernyataan bagus tidak tepat kemenangan sekarang","POS"
"fokus hasil antisipasi provokasi modus tuduhan curang","POS"
"merasa menang dalam sujud syukur di lantai","POS"
"daerah menang bukan klaim hatta","POS"
"kami punya bukti data per indonesia sudah punya presiden baru tinggal tunggu penetap","POS"
"mari kita dukung jadi presiden","POS"
"dulang suara besar di indonesia timur pasangan calon presiden calon wakil presiden","POS"
"dulang suara besar di indonesia timur gunung sari","POS"
"ai kamu sok kan nu teh menang dek pindah ka","POS"
"tinggal jadi presiden","POS"
"kabar baik di rekap selesai menang telak cek di","POS"
"aksi solidaritas kemanusiaan orasi bung dan beliau infak uang tuk","POS"
"kata arifin ilham","POS"
"menang semangat pak","POS"
"bapak menyumbangkan uang rupiah","POS"
"ya bang tim paling culas aja sih aneh kok terima kalo kalah menang aja","POS"
"sosok penuh kharisma dan wibawa harus kalah oleh orang seperti itu rasanya tidak adil","POS"
"kalah di saya akan kembali ke kehidupan saya moneter calon presiden","POS"
"selamat datang presiden baru dari hasil real pasangan no menguasai suara di propinsi","POS"
"permohonan doa untuk bapak saya","POS"
"kabau sudah punya presiden agama dan adat menolak kidal liberal dan komunis","POS"
"halo salam kompak selalu doa pak presiden ke","POS"
"siap para poser nabi kami selamat kepada","POS"
"berhasil menjadikan sebagai partai politik dengan transparansi proses dan transparansi","POS"
"saya yakin menjadi presiden periode","POS"
"bupati dukung","NEG"
"sebut indonesia butuh pemimpin diktator","NEG"
"berbohong rakyat bongkar rahasia demi publik","NEG"
"memojokkan pengusung lain saja","NEG"
"memojokkan pengusung lain saja pernah","NEG"
"benar ribu orang ribu warga kampanye","NEG"
"jadi menteri dulu aja pak hatta sekarang baru mau akan","NEG"
"hatta pintar pintar hukum iya","NEG"
"siapa ya hatta kebocoran yang sering via","NEG"
"bangkrut apa pendapat kamu kalau menang dalam pemilihan presiden","NEG"
"jiplak lagu genjer genjer yang beken ini untuk kampanye","NEG"
"telah paksa oleh wartawan itu","NEG"
"positif mau pilih salah gara gara ini","NEG"
"menilai riset selama hatta tidak mampu mengatasi persoalan seperti produktivitas padi","NEG"
"kalau memang tidak bersalah lalu kenapa beliau keluar dari karena mau solo karir emang","NEG"
"jawaban untuk pidato bapak yang pura pura tidak tahu","NEG"
"pak pemimpin baik militer perusahaan belum ada prestasi positif militer kiani tunggak gaji","NEG"
"tolak reklamasi sebagai berjanji akan melanjutkan no masih cinta indonesia pilih den","NEG"
"anda tidak semestinya warga sipil di depan pers internasional hatta","NEG"
"hati rakyat sama dedengkot terlalu mau","NEG"
"jagal tukang tebas","NEG"
"garuda merah milik lambang negara","NEG"
"apa pendapat tegas atau kenyataan","NEG"
"waktu akan bagus di debat soal ketahanan ternyata tidak waktu","NEG"
"kalau bohong kenapa diam","NEG"
"ikrar buka jalan ke pemerintahan diktator","NEG"
"sia sia bawa nama gus dur di kampanye","NEG"
"tegas ya tegas mengamankan kekayaan negara kita ada budi tersangka korup","NEG"
"beda kepala pak itu hatta koreksi pernyataan bukan bocor","NEG"
"sia sia bawa nama gus dur di kampanye menjual nama gus dur yang juga tokoh nu","NEG"
"semoga yang lain baca ini dari ayu mereka ngeri","NEG"
"positif mau pilih salah gara gara berita semacam ini","NEG"
"mungkin menang karena orang baik lebih banyak","NEG"
"lagi kemarin minggu duduk berdampingan tak bit","NEG"
"terus ke jadi ibu negara ya","NEG"
"kampanye di lewat","NEG"
"ketegasan adalah bentuk dari","NEG"
"duduk berdampingan dengan sudah terbiasa","NEG"
"piala dunia ini","NEG"
"jaman salah yang bangun siapa lo aja bisa jawab kan bukti pembangunan apa bocah bocah","NEG"
"bukan partai sapi kok aja duduk berdampingan dengan sudah terbiasa","NEG"
"allah kalah karena orang munafik cuma sedikit","NEG"
"wawancara bukan penculik isu penculikan jangan cuma soal","NEG"
"oke sip aja kampret lo ah","NEG"
"berita indonesia wawancara bukan penculik isu penculikan jangan cuma","NEG"
"dah hatta sama eh","NEG"
"allah kalah karena banyak orang cinta perdamaian","NEG"
"adalah orang yang tidak segan segan melakukan hal hal yang seperti penculikan","NEG"
"keluarga cendana dukung","NEG"
"itu dukung juga dukung ni cantik","NEG"
"di indonesia tantangan ke lewat","NEG"
"di indonesia tantangan ke","NEG"
"wawancara bukan penculik isu penculikan jangan cuma soal versus","NEG"
"keren ya aku dukung","NEG"
"bawa atribut kampanye di debat pendukung panitia panitia acara debat menegur","NEG"
"anggota puja fasisme","NEG"
"kebanyakan janji akan biaya riset","NEG"
"aku mau hidup prahara amit positif mau pilih","NEG"
"operasi pamungkas","NEG"
"tersisih dong","NEG"
"ini bot si dia","NEG"
"tak cukup satu juga berpacaran dengan orang","NEG"
"salam jari kejora versi indonesia kebaikan jari jadi satu","NEG"
"ancaman konstitusi ikrar buka jalan ke pemerintahan diktator","NEG"
"presiden tukang jagal sapi","NEG"
"segala atribut bawa atribut kampanye di debat pendukung panitia","NEG"
"jamin keluarga cendana dukung","NEG"
"tanya kenapa mantan istri debat","NEG"
"ketinggian om persen suara di","NEG"
"bawa atribut kampanye di debat pendukung panitia","NEG"
"kisah miring ini mulai adu domba sampai fitnah tokoh kepada banyak","NEG"
"kan bilang rezim kebangkitan","NEG"
"ternyata tidak bersalah ia dari karena ingin karir kek","NEG"
"menang kalah di di atas angin preman di mau apa ini","NEG"
"ke selalu kebocoran apa bapak apa negara begitu jelek itu terjadi","NEG"
"kayak pakaian nazi ya politik tim kampanye tidak buat spanduk bersama gus dur","NEG"
"pilih hati uang bank indonesia segera uang berstempel lewat","NEG"
"saya tak taat menjalankan ritual agama","NEG"
"kasus surat untuk guru panggil tim","NEG"
"kubu","NEG"
"ma arwah sore ini allah berpidato berbahasa inggris di","NEG"
"kejar min masa ketemu tak politik uang pada surat untuk guru","NEG"
"da lapor tim kampanye hitam di lokasi debat","NEG"
"najis dah kampanye hitam lewat bilang tahanan bakal bebas kalo presiden jelek deh mending main aja","NEG"
"lama kayak kebanyakan janji","NEG"
"sama kaya tanya atasan saya masuk siapa tanya ke","NEG"
"seret garuda merah ke pengadilan atas pelanggaran undang undang via","NEG"
"bank indonesia segera uang berstempel lewat","NEG"
"orang tolol merindukan lagi sabar menang","NEG"
"miring sebelah tak politik uang pada surat untuk guru","NEG"
"panggil tim terkait kasus surat untuk para guru","NEG"
"memainkan estetika nazi yang lebih menonjol dalam video kampanye tersebut adalah pakaian penyanyi","NEG"
"protes spanduk bergambar gus dur via","NEG"
"calon presiden pun menempatkan atribut militer dalam ini pada resmi","NEG"
"media kok kaya kasus surat untuk guru panggil tim","NEG"
"kecemasan mantan jenderal adalah mantan menantu diktator","NEG"
"protes spanduk bergambar gus dur","NEG"
"kalian serang giliran marah mau foto","NEG"
"paripurna kampanye tapi kami kira itu biasa dan tidak masalah bagi","NEG"
"kan kemaluan terus","NEG"
"panggil tim terkait kasus surat untuk para guru pihak negeri","NEG"
"paripurna kampanye","NEG"
"kalo mau ya indonesia tak yang anda pikir pak juga","NEG"
"setelah kekuasaan sang ayah mertua pada tahun untuk beberapa waktu tinggal di pengasingan di","NEG"
"persen keluarga cendana pilih","NEG"
"keburu di kalo di suap lagi tak politik uang pada surat untuk guru","NEG"
"sindir bos pajak sebut rasio pajak persen cuma mimpi","NEG"
"aktivis demokrasi dan jurnalis khawatir kemenangan dalam mengembalikan hari hari gelap kediktatoran","NEG"
"demikian tadi kurang lebih isi artikel penggunaan atribut nazi dalam video resmi asli","NEG"
"sih dukung dia menang gaya doang tempe mana bisa membuat indonesia maju","NEG"
"kui to prediksi kekalahan","NEG"
"om ibu negara loh kok","NEG"
"via panggil tim terkait kasus surat untuk para guru","NEG"
"pendukung prahara lingkar otak itu foto sakit","NEG"
"protes spanduk bergambar gus dur alat peraga kampanye milik","NEG"
"parikan dukung di sidang paripurna kontan parikan tersebut mengagetkan","NEG"
"protes spanduk bergambar gus dur alat peraga kampanye milik pasangan be","NEG"
"haram kemesraan dengan mantan presiden","NEG"
"marah tantang pengusaha pada dialog","NEG"
"skenario","NEG"
"bisa baca al ternyata","NEG"
"ingin melindungi minoritas tapi represif minoritas penegakan hukum","NEG"
"ketua tim pemenangan adalah sebagai ketua tim ada dia kasih ke supaya stop fit","NEG"
"mereka tidak siap siap seperti mereka menguliti","NEG"
"tim kami mulai mencium indikasi politik uang indikasi ya","NEG"
"adalah baik namun ada sisi melekat satu sama seperti pejabat ke dua berjarak rakyat nu","NEG"
"aja anak muda sekarang pada sopan","NEG"
"dukungan partai untuk ilegal","NEG"
"apa soal kejahatan ham bisa ikut pengadilan kalo dia emang salah","NEG"
"negarawan runtuh setelah bisa berpikir rasional","NEG"
"bisa baca alquran perlu bukan","NEG"
"ada surat balasan dari pak ya tempo surat untuk","NEG"
"dan skenario","NEG"
"apa sudah kepada rakyat kami rasa tidak ada palingan cuma berapi sudah muak kami terima janji terus","NEG"
"kapal besar penuh dengan persoalan korupsi peristiwa","NEG"
"tidak pro rakyat jangan terkecoh ya","NEG"
"pendukung pak mau kalah","NEG"
"pernah punya keinginan as invasi indonesia","NEG"
"ketua tim pemenangan adalah sebagai ketua tim ada dia kasih ke supaya stop fitnah","NEG"
"itu cewek apa dulu","NEG"
"ku cek itu itu sih teror sayap demo ke","NEG"
"kapal besar penuh dengan persoalan korupsi","NEG"
"gara gara ini tolak","NEG"
"mari mendukung menjadi tapi indonesia","NEG"
"nasional kapal besar penuh dengan persoalan korupsi","NEG"
"kotak ada uang modus baru","NEG"
"barusan baca spanduk penyelamat pancasila kenapa garuda pancasila jadi garuda merah","NEG"
"duit triliunan itu duit hasil penculikan dulu apa hasil kasus ham","NEG"
"begini tanggapan tempo","NEG"
"untuk bersabar via","NEG"
"begini tanggapan menilai isu itu wartawan","NEG"
"begini tanggapan","NEG"
"putusan pengadilan soal utang triliun ini situs ma sebelum","NEG"
"psikolog hasrat berkuasa lebih besar","NEG"
"dulu berusaha tampil santun sembari terus kekuasaan","NEG"
"bantah kabar tampar","NEG"
"serius benar ada tentang dan dengan anak anak nyanyi","NEG"
"warga malang bakar ratusan surat dari","NEG"
"video yang kalau pernah bambang sa","NEG"
"tolong ya tim mobil saya di daerah pondok ya lah","NEG"
"bangsat dan kubu pihak komunis komunis dong kunjungan pres","NEG"
"kesaksian dari aktivis yang prahara","NEG"
"itu tuduhan kejam","NEG"
"cari muka si bowo ampun dah saya mengucapkan selamat menunaikan ibadah pusa dan menyaksikan piala","NEG"
"jadi pengikut yahudi adalah bukan lagian ada","NEG"
"bilang ekonomi kita salah urus padahal itu ada di","NEG"
"tim orang indonesia tak ada yang baca","NEG"
"buat aneh masa hutang hanya juta lebih masuk akal kiani","NEG"
"kelar bakal jual ini republik ke rente itu","NEG"
"isu mengatakan jika kalah maka akan membuat kerusuhan","NEG"
"tegas sangking gaji karyawan saja di kasi itu kha pemimpin baik","NEG"
"di balik cerita dan","NEG"
"di indonesia timur malas banget seng pantas presiden presiden kok malah malu","NEG"
"mega tiru apa enggak punya bapak sendiri","NEG"
"memprihatinkan banyak juga dulu sebagai cuma karena malah","NEG"
"sebelum gue netral setelah gue dukung tulus kok lalu buka tutup akun","NEG"
"kata tukang cuci foto dekat rumah ku jangan pilih dia itu perampok kalau ada yang di ganti aja","NEG"
"dan kemudian bakal dukung","NEG"
"kok niru niru apa tidak punya bapak sendiri tentang di juli","NEG"
"lihat ketik waktu di masih dukung no lo tes","NEG"
"dukungan kepada publik","NEG"
"kubu lemah di tengah tempo","NEG"
"lokasi lift di kantor baru di ajudan lapor gila","NEG"
"peristiwa mei semua kepada","NEG"
"bapak ibu guru ini terima surat lalu salam jari","NEG"
"bikin pendukung marah di grup kayak bulan buat orang","NEG"
"bayar mahal spanduk sepanjang kilometer melanggar spanduk","NEG"
"pasti tim kesel doi bayar impor eh tim sebelah sukarela","NEG"
"punya presiden kok kayak orang baru lulus sekolah da tau kubu fitnah kejam dan presiden kok diam kok malah kasih nasehat","NEG"
"pengamat kampanye segala cara kejora","NEG"
"dan kegagalan akan bila menang salam dua jari","NEG"
"gue tapi orang yang berbahaya buat negeri ini om kenapa sih","NEG"
"kubu lemah di tengah","NEG"
"serangan massa ke metro itu akan atau isu lain mereka","NEG"
"yakin tapi memang bisa tidak serta merta jika terpilih pemerintah tak serta merta fasis","NEG"
"pukul via","NEG"
"bahkan rumah markas saja oleh sang mafia","NEG"
"artikel","NEG"
"tiru apa enggak punya bapak sendiri","NEG"
"tuduh kubu akan kudeta jika kalah mega mulai","NEG"
"ada uang di nasi kotak yang kan","NEG"
"menit memukuli penting pernah menggebuki","NEG"
"pemimpin rumah tangga aja gagal mau pimpin indonesia","NEG"
"sabtu februari di bogor himbau masyarakat terima uang saat","NEG"
"jumat april di jabar duit terima saja","NEG"
"ada uang ribu di dalam nasi kotak yang","NEG"
"nasi kotak yang di ada duit ribu modus baru politik uang","NEG"
"semoga kalah telak di semua propinsi kubu lemah di tengah","NEG"
"selasa juni di rumah terima saja serangan fajar","NEG"
"makanya pilih nomor tersinggung","NEG"
"secara konsisten dan terus menerus masyarakat menerima dan malam ini operasi","NEG"
"artikel sebelum","NEG"
"video memukul di di media sosial","NEG"
"mau berantas maling dia malah bela kok","NEG"
"berani ambil uang ya pilih kita butuh pemimpin yang berani dan tegas","NEG"
"di cukup piala dunia aja mau malah terprovokasi pro","NEG"
"presiden untuk deteksi eks atas pelanggaran ham","NEG"
"jawaban untuk pidato bapak yang pura pura tidak tahu via","NEG"
"intonasi nada bicara pak penuh dengan kemarahan dan kebencian ini bukan tegas tapi buas","NEG"
"sering ngeri dengar kalau sedang berorasi seluruh berisi kemarahan dan kebencian","NEG"
"penyebab cerai karena mengkhianati bagaimana jika mengkhianati rakyat","NEG"
"keluarga pak marah karena pemberitaan kostum nazi berita","NEG"
"saya tidak bilang di partai saya tidak ada maling saya cuma mau rakyat jangan ikut larut dalam","NEG"
"baru saja membuat beberapa orang sebel","NEG"
"ini perlu impor sama sekali kalo perlu tapi dia bilang aja","NEG"
"terusan orde baru tahun akan terjadi lagi di jilid jika benar terpilih","NEG"
"tadi soal lima juta manusia lahir baru sekarang minta sapi lahir di indonesia ni debat absurd","NEG"
"ketua","NEG"
"ini foto massal terhadap etnis komando","NEG"
"ini klaim debat putaran","NEG"
"triliun hilang cicip gagal","NEG"
"keluarga pak marah karena pemberitaan kostum nazi","NEG"
"kalau mas bisa baca al quran dan jarang bukan puasa yakin saya","NEG"
"keluarga pak marah karena pemberitaan kostum nazi apa","NEG"
"riuh apaan malahan pasangan ke waktu untuk menjawab pilih","NEG"
"kalpataru adipura aja tau masa mereka salam jari","NEG"
"langgar sumpah prajurit","NEG"
"situ keluarga pak marah karena pemberitaan kostum nazi","NEG"
"sama apa mal dia sih kali","NEG"
"masih heran kerusakan alam pada populasi ini memang pembenci manusia ya","NEG"
"akhirnya pilih harta tahta dan hatta salam jari","NEG"
"lingkungan malah mulut baru perusak lingkungan berada di kubu laknat","NEG"
"di iklan sara menghina","NEG"
"polo kalah benci sama tawur aja tusuk paku di","NEG"
"dan hatta silang pendapat soal impor beras","NEG"
"ya ulah elo keluarga pak marah karena pemberitaan kostum nazi","NEG"
"dan tau dan adipura","NEG"
"kode minta kontrak keluarga pak marah karena pemberitaan kostum nazi","NEG"
"mana ada tau","NEG"
"kemudian keluarga pak marah karena pemberitaan kostum nazi","NEG"
"asbak keluarga pak marah karena pemberitaan kostum nazi","NEG"
"kepada kasus daging sapi haji al quran tak ada di","NEG"
"baca surat terbuka aktivis pendukung indonesia","NEG"
"satu ini emang pemarah ngeri ah cerita","NEG"
"singgung isi kampanye soal kekuasaan para maling","NEG"
"sangat kelihatan sekali bahwa sama sekali tidak memahami konsep kelestarian lingkungan hidup","NEG"
"keluarga pak marah karena pemberitaan kostum nazi mengenai masalah baju nazi pak","NEG"
"loh di surat ke guru itu nah kalo ada politik uang saja","NEG"
"kami koalisi berjanji sekuat tenaga membangun bangsa ini koalisi korup semua itu","NEG"
"mengapa tegang saat sebut mafia minyak mafia daging mafia haji mafia gula dan mafia pengadaan","NEG"
"keluarga pak marah karena pemberitaan kostum nazi mengenai masalah baju hatta","NEG"
"sewaktu mobil bukan mobil militer polisi keluar mengacungkan polisi terbirit","NEG"
"media iklan negatif","NEG"
"di kira negara ini gampangan","NEG"
"mengapa memilih terpilih oleh saya mau salam dua jari","NEG"
"tapi bila pilihan rakyat kami akan keputusan rakyat itu","NEG"
"keluarga pak marah karena pemberitaan kostum nazi mengenai masalah baju nazi","NEG"
"detik keluarga pak marah karena pemberitaan kostum nazi mengenai masalah baju nazi","NEG"
"pak marah lagi ya semoga tidak","NEG"
"ini adalah bagian dari skema operasi siluman tim","NEG"
"operasi siluman ini bisa berjalan setelah ada titik temu antara dan","NEG"
"kepada kasus daging sapi haji al quran tak ada di kita","NEG"
"langit dan bumi","NEG"
"tolong surat suara ke ternyata di gambar","NEG"
"masa lalu masa lalu tidak naik kelas karena disiplin","NEG"
"bilang indonesia malu punya presiden buta ini klarifikasi keluarga gus dur calon","NEG"
"bagi yang suka sama dia adalah ham berat maka saya pada seluruh","NEG"
"tulisan wartawan investigasi asal yang telah melecehkan gus dur","NEG"
"sikap keluarga wahid mengenai kontroversi wawancara yang","NEG"
"sikap keluarga gus dur meminta klarifikasi dari","NEG"
"sikap keluarga gus dur berharap bapak klarifikasi pernyataan yang hina gus dur","NEG"
"menguak fakta rahasia yang tak media","NEG"
"bahkan jika ada panitia bertanya mengenai pilihan kalian saja pilih tapi suara tetap pilih","NEG"
"pak keji di gereja gereja","NEG"
"keluarga gus dur minta klarifikasi hasil investigasi","NEG"
"netral di curang kalo masuk kalo","NEG"
"ancaman dari konfirmasi dari intel informasi terbaru tentang operasi senyap untuk memenangkan","NEG"
"preman presiden ya allah kau indonesia menjadi amin","NEG"
"petugas minta pilih marah tempo","NEG"
"ibunda pun sampai kebenaran isu via","NEG"
"ini bukan tapi kehidupan sederhana dan merakyat calon","NEG"
"ya pasti menang lihat sendiri debat putaran","NEG"
"keluarga minta klarifikasi dari suara pembaruan","NEG"
"kalian kan wajah ada tusuk aja wajah no","NEG"
"anggota di kendal bagi bagi kepada warga agar pilih","NEG"
"di provinsi ini di daerah daerah ini","NEG"
"lanjut tidur ke biar juga dukung rusak aja gambar","NEG"
"berita janji beri untuk ke daftar hitam pemberian oleh","NEG"
"dan ini mencekal tapi mereka akan mulai ketakutan","NEG"
"janji beri untuk ke daftar hitam pemberian oleh","NEG"
"gara gara yang tidak tidak sama dan beberapa stasiun lain tua bangka","NEG"
"iya kak kan punya tim pasti unggul lah kak cuman doang beda dari lain","NEG"
"iya ini ke media indonesia","NEG"
"ada coblos mana mana","NEG"
"lucu puji tuhan jadi presiden di bukan di indonesia","NEG"
"sepertinya ingin menciptakan gesekan kode","NEG"
"membuat semua survei dari berbagai sumber menjadi berbalik memenangkan pak malu","NEG"
"sumpah menang gua ih lo gua","NEG"
"kocak ih dinda menang kok di sama grup","NEG"
"curang","NEG"
"iya jiwa kena lebih lucu waktu kemenangan dia tadi","NEG"
"kalah sedih biasa tertindas","NEG"
"dan punya terus dan punya ya jelas lah mereka bilang menang","NEG"
"kredibilitas yang","NEG"
"urus korupsi mu pak ali akan kemenangan","NEG"
"kalah","NEG"
"endut ini kalo pasti jadi di mahadewa angkuh ambisius menghalalkan segala cara dan endut","NEG"
"nih parah umat islam kalah","NEG"
"kaya anak deh eh","NEG"
"badan pak mana mana","NEG"
"minta di telan","NEG"
"buset pak itu jahat badan pak mana mana","NEG"
"kak lo buset pak itu jahat badan pak","NEG"
"pak itu jahat badan pak mana mana","NEG"
"ada video wartawan kompas pak sedih","NEG"
"pas si wartawan mau wawancara si bilang kok kompas bisa masuk sini sih sampai si embak wartawan bingung mbak","NEG"
"ingat debat soal ham emosi dia ham","NEG"
"itu mau kalah sih tau kalah kalah aja deh","NEG"
"terobsesi buat menang pak kasihan bego","NEG"
"sisa didikan masa orde baru ada pidato","NEG"
"lagian nek menang kecurangan stasiun aku sok kan emang belu","NEG"
"hancur cuman dia masih buat senyum sakit pak","NEG"
"lagian nek menang kecurangan stasiun aku sok","NEG"
"juga belum tau seluk dangkal","NEG"
"jangan dia pembohong sama kek mantan gue","NEG"
"dulu sih salah padahal benar apakah terulang lebih malu lagi sudah apabila salah","NEG"
"buset si aja kan itu cuma hasil re doang","NEG"
"pilih ya pilih om","NEG"
"grup kali ini bikin heboh heboh","NEG"
"pro semua jelek dikit tentang beliau jelek padahal fakta","NEG"
"itulah pandangan beda pro semua jelek dikit tentang beliau","NEG"
"tapi masa iya bawa bom aja aja lin","NEG"
"itu jatuh saham dia tarik modal asing","NEG"
"din pak nek menurut hitung cepat kan kalah","NEG"
"pernyataan menang bentuk arogansi","NEG"
"joget ya","NEG"
"nah ini rang apa dia biar aja presiden bi","NEG"
"wartawan asing ungkap jika pernah menghina fisik gus dur presiden","NEG"
"gali kuburan sendiri","NEG"
"itu satu satu itu sendiri sendiri itu itu salam jari","NEG"
"ke media indonesia via","NEG"
"aneh masih menang","NEG"
"kenapa kompas bisa masuk tahu pak bukan saya yang","NEG"
"lah sendirinya tidak tepat kemenangan sekarang","NEG"
"liat aja di kan unggul ayah mama kalo kalah jangan","NEG"
"ketika marah besar pada sejumlah reporter televisi","NEG"
"baca ini kali aja nalar survei yang tak kaidah statistik","NEG"
"terima kasih indonesia","NEG"
"nih survei yang tak kaidah statistik","NEG"
"mas survei yang tak kaidah statistik","NEG"
"anti zionis tapi mendukung koalisi zionis cek aja itu dan itu sekutu munafik","NEG"
"sapa akun ini bajak ni tumben beberapa anak muda ada","NEG"
"di para penjilat","NEG"
"berapa sama hasil beda sendiri","NEG"
"ra kekalahan hasil","NEG"
"untuk menambah koleksi akan kuda lumping","NEG"
"saya terima asal jangan","NEG"
"maka nikmat tuhan mana lagi hendak kau kepada allah niscaya dia akan menambah","NEG"
"lagi kampanye kan survei yang tak kaidah statistik","NEG"
"kalah eh","NEG"
"wajah macan lucu kompas tidak","NEG"
"kalah di sebagian serang lembaga survei dan media","NEG"
"mas kalau tahu ini bos yang prahara","NEG"
"setuju waduh kaya telah mencoreng seorang patriot kesatria sesungguhnya","NEG"
"tim klaim kemenangan ada di","NEG"
"gue percaya coblos","NEG"
"survei yang tak kaidah statistik","NEG"
"sih jadi presiden pak takut tidak data saya masih ngeri","NEG"
"kalau ada kalian yang pertama kali terus terus kalah rasanya rugi","NEG"
"yang memenangkan pak yang gemuk tambun itu mungkin menggunakan metode yang tidak","NEG"
"itu sendiri menang sendiri senang sendiri awas sakit jelas lebih","NEG"
"ali akan kemenangan","NEG"
"meski dan tim mawar hanya mengaku dan semua hidup selamat tapi publik teta","NEG"
"kabar buruk kalah kabar gembira sekarang dia minum ekstrak kulit manggis supaya kusut no","NEG"
"hatta menjadi presiden semoga bisa memimpin dengan baik dan lah kepresidenan","NEG"
"wah punya data lembaga survei yang bisa memenangkan","NEG"
"kalah kita liat nanti siapa yang menang ibarat main skor kita","NEG"
"perbedaan hasil dapat sosiologis masyarakat mengklaim bahwa","NEG"
"nah survei yang tak kaidah statistik","NEG"
"itu percaya sendiri padahal kalo mereka cek itu lebih dari seratus persen otak nih ya","NEG"
"kasihan malu sendiri kena kan kiamat sudah kebenaran akan terungkap","NEG"
"di lo kalah ya nama lo kucing kampung di bawa ke kucing","NEG"
"deklarasi dari lembaga resmi dan baru","NEG"
"kalo itu mah mending kubu","NEG"
"meskipun nakal sudah kubu akan","NEG"
"global itu media pendukung nah media netral salam jari ya kak","NEG"
"ujung semua dagelan politik sejak kemarin itu justru akan diri sendiri menghancurkan kredibilitas pihak","NEG"
"benar juga ya suara di itu banyak","NEG"
"selamat kepada bapak yang terpilih sebagai presiden grup","NEG"
"ke media usai bogor calon presiden zikir","NEG"
"ke media usai bogor calon presiden","NEG"
"pidato dahsyat saat deklarasi berita terbaru salam jari","NEG"
"optimistis pasangan akan memenangi","NEG"
"miris tragedi kemanusiaan kekalahan via si itu tuhan idiot","NEG"
"selamat kepada bapak akhirnya menjadi presiden ke eh maaf ya salah","NEG"
"menurut direktur lembaga survei menggunakan survei bayaran yang populer dengan cara kecurangan","NEG"
"apa coba partai pendukung tujuh televisi lima logistik kuat masih juga kalah gusti","NEG"
"aja rempong deh hitung suara kubu khawatir","NEG"
"jadi presiden ya marah ke media","NEG"
"belum memerintah saja curiga terus hitung suara kubu khawatir","NEG"
"hitung suara kubu khawatir tempo","NEG"
"kubu emang banyak bacot siap menang siap kalah hitung suara kubu khawatir","NEG"
"mbok ta hitung suara kubu khawatir","NEG"
"hitung suara kubu khawatir","NEG"
"maling teriak maling hitung suara kubu khawatir","NEG"
"dan tim akibat","NEG"
"ini menyumbang kekalahan ucapan sinting selamat anda hati","NEG"
"lembaga survei memenangkan tidak datang di bohong berani datang kan","NEG"
"berita pak sama wartawan","NEG"
"deklarasi retorika mau deklarasi berapa kali juga masalah","NEG"
"mau deklarasi berapa kali juga masalah","NEG"
"sangat tidak negarawan kandidat on","NEG"
"mau pindah ke lain hati setia mau kalah","NEG"
"parah ini kecurangan kubu kenapa perhitungan suara harus karena kita biasa jujur","NEG"
"fitnah lagi hot dana dari kubu untuk memenangkan kubu prahara","NEG"
"metro memang bebal dan membangun opini curang dan membuat suasana panas dan","NEG"
"abis ini kok jadi gue malu ya on","NEG"
"habis baca di terus baca ini jadi makin ngeri sama dia","NEG"
"mang kalah klaim menang","NEG"
"kalo melakukan pelanggaran ham berat masih isu kalo sudah pasti semoga al","NEG"
"salah dari menurut mereka telah palsu untuk pecah belah bangsa","NEG"
"yang orang jadi sampah harus sama kaya","NEG"
"purnawirawan eks penculik dan pembunuh rakyat sipil memperlihatkan sifat di publik","NEG"
"sinting bikin kalah","NEG"
"tim main uang jalan satu curang kalau curang bakal menang","NEG"
"allah mengetahui indonesia pagi ini lembaga akibat publik","NEG"
"selain masa lalu bikin sikap mau terima kekalahan ini bikin tambah jelek","NEG"
"sungguh kasihan oleh pihak adalah kawan kerusakan pun","NEG"
"lari ke lagi itu opsi kalah bukan opsi baca di","NEG"
"artikel islam prahara menguak","NEG"
"mari kita kan gugat tuhan kalo kalah","NEG"
"lembaga yang memenangkan publik jangan mana tetap di","NEG"
"duh tim main uang","NEG"
"ada teror ancaman akan para pendukung","NEG"
"penyebab kekalahan via","NEG"
"kok pas ya pendukung prahara sesuai tukang onar","NEG"
"betul bung ardi bloon sok pintar di","NEG"
"bilang presiden itu tolol","NEG"
"berarti mesin politik pendukung bekerja maksimal di","NEG"
"hidup dia telah menjadi presiden presiden dan","NEG"
"selamat pak menjadi presiden bagi rakyat sekali lagi selamat ya pak","NEG"
"kalah beralih dukung salah kalah","NEG"
"curang ah total suara melebihi jumlah suara sah ini malu","NEG"
"julukan pas culas curang","NEG"
"kalah aja ke aspal biar ambyar","NEG"
"kalah lihat kalian saling kepala","NEG"
"tiarap terus","NEG"
"calon presiden berkata pemilik brengsek saya ogah punya presiden seperti ini","NEG"
"geram tolak wartawati","NEG"
"baru baca wawancara di tak tampak dia orang baik terlihat seorang pecundang haus kuasa","NEG"
"mengaku sejak awal tak sepakat maju sebagai","NEG"
"salah satu kecurangan di utara via","NEG"
"jika kalah prediksi dia bakal dan akan pergi ke lagi menenangkan diri","NEG"
"bawa allah lah apa allah curang dan penebar fitnah","NEG"
"dong ya identik","NEG"
"dan pendukung bawa allah lah apa allah curang dan penebar","NEG"
"jika menang pun hasil kerja keras fitnah dan kecurangan di bobrok","NEG"
"ulas terus kecurangan kubu itu bukan curiga itu nyata kok hasil suara rakyat jahat ya","NEG"
"mengeluh bila menghadapi masalah bangsa bapak","NEG"
"marah sama media","NEG"
"pernyataan dari bahwa menggunakan dalam tim","NEG"
"koalisi permanen yang partai politik pendukung rentan","NEG"
"koalisi permanen yang partai politik pendukung rentan perpecahan bila","NEG"
"salah strategi ala sang jenderal catatan tentang strategi disinformasi jenderal via","NEG"
"geng menang ada bukti rekap hasil bukti survei palsu mereka curang","NEG"
"tak masalah jika membuat koalisi permanen tapi jelas ini adalah bukti ketakutan dan","NEG"
"kubu yakin bakal intervensi","NEG"
"makian itu di depan umum suguh untung bunuh diri","NEG"
"hatta prahara pas mbak prahara partai baru","NEG"
"ini keras kepala dan bukan tegas","NEG"
"karena alasan pelanggaran ham tapi kok yang jelas ham setiap tahun mereka ya","NEG"
"lihat perkembangan berita politik di buat geram tahu malu kalau kalah ya kalah jangan jadi pecundang","NEG"
"kalau kalah itu siapa kah mudah hasil keputusan menang kita potensi besar","NEG"
"rekayasa komunis berbuntut tumbang simbol","NEG"
"rekayasa komunis berbuntut tumbang simbol ham kiri","NEG"
"saya prahara mampu menyebutkan saja kelebihan kecuali kelebihan berat badan","NEG"
"penghitungan suara kalah telak di kepulauan aru","NEG"
"penghitungan suara kalah di provinsi info","NEG"
"mendukung ambruk satu ada anjlok ada di dari keanggotaan ada partai terpecah belah","NEG"
"alah mek omong lo kaya lo mah jangan songong","NEG"
"kalau menang itu salah kamu kudu tutup akun ya siap","NEG"
"ini baru berita menang di rumah sakit jiwa","NEG"
"penghitungan suara dengan suara di umum","NEG"
"kalau bohong pasti takut maling teriak maling lah sampah menolak lembaga","NEG"
"kok main curang parah","NEG"
"jika prahara kalah putusan dan tak ada kerusuhan maka rakyat percaya kalau punya baik bangsa ini","NEG"
"pendiri pan minta kekalahan","NEG"
"sukur kalah ini tanggal sip","NEG"
"bagaimana kita membersihkan air di lantai ini masalah harus ini berbahaya dapat","NEG"
"dan mengaku salah baik lagi tinggal nih akhirnya mengaku kalah","NEG"
"penghitungan suara dengan suara di","NEG"
"nek manja ki ra dadi tentara perang capek","NEG"
"kubu lebih banyak kasus korupsi indonesia memilih","NEG"
"pengalihan isu atas operasi politik uang kubu dan","NEG"
"bersumpah akan potong kemaluan jika","NEG"
"pengamat deklarasi koalisi permanen merupakan isyarat kekalahan","NEG"
"niat baik cuma aja pada sinting segala cara","NEG"
"media itu menulis mengaku bahwa dan kalah","NEG"
"media pelintir di media itu menulis mengaku bahwa dan kalah","NEG"
"upaya mengerahkan masa tanggal juli ke hanya bentuk kebodohan melibatkan rakyat tak bersalah dengan uang","NEG"
"kalaupun kubu akan kecurangan hingga mustahil bisa tutup selisih suara","NEG"
"tak ada untuk memaksakan diri untuk menang jelas jelas kalah","NEG"
"suara kepala daerah tempo","NEG"
"massa akan hadir di juli nanti adalah massa bayaran orang","NEG"
"ini jaman si cerdas ini di culik oleh tim mawar korban hilang jadi","NEG"
"sekarang aku bisa hina cukup sabar bakal rela indonesia dia semoga allah mendengar","NEG"
"sekarang aku bisa hina cukup sabar bakal rela indonesia dia semoga allah","NEG"
"surat terbuka seorang advokat untuk","NEG"
"anak korban penculikan saya tanya nasib ayah hati","NEG"
"jelang kerap isu tak sedap bagi kaum di tanah air","NEG"
"data apa di prahara kalah syukuran kemenangan kita unggul persen","NEG"
"hatta kronis sama suka salah pilih orang suka salah memilih sekutu musuh teman teman","NEG"
"pengin ulang secara langsung dia mengakui rakyat lebaran pak bukan ulang","NEG"
"wahai masih persoalan negara menjadi menerima kekalahan","NEG"
"siap kalah dan menang siap pejantan ayam petelur","NEG"
"antek sampai membuat kerusuhan kayak masa lalu fitnah provokator","NEG"
"to penculikan itu pengalaman sakit ya pak sakit mana pak korban anak saya","NEG"
"aja kalah","NEG"
"berencana massa tak harapan","NEG"
"waktu kecil pasti deh tiap main benteng kalo kalah minta ulang kalah timpuk lawan batu","NEG"
"ini bisa liat ya jelas kalah masih menang coba mas mbak","NEG"
"himbau penghitungan suara tanda siap kalah pengamat politik","NEG"
"kalah via","NEG"
"anggap semua proses cacat","NEG"
"video sebut tak berhasil komisi pemilihan umum akan mengumumkan","NEG"
"mulai kalah suara rakyat mau semua","NEG"
"dalam catur mengorbankan kuda gajah sampai perdana menteri sekedar melakukan tapi gagal","NEG"
"begini pernyataan lengkap di video tidak berhasil memenangkan via aja tegas","NEG"
"ya saya tidak berhasil","NEG"
"kalo bocor mah lama sinyal koalisi","NEG"
"sekarang baru jelas arti ucapan hanya dengan cara curang kami bisa sukses deh pak","NEG"
"amien rais kekalahan ini tanggapan panglima perang badar jalan kaki","NEG"
"minta rekapitulasi tak siap kalah","NEG"
"iya kalah tak ada sejarah menang karena curang","NEG"
"kalah kok tunda minta rekapitulasi suara nasional","NEG"
"yang di pendukung besok kalah dalem aku besok takut bisa on lagi","NEG"
"mas hatta dan amien rais gagal bertemu semalam amien berniat meyakinkan menerima kekalahan","NEG"
"semua mengatakan kalah akan ke polisi lembaga sampai tukang pecel","NEG"
"sing dadi presiden kui nek kalah stroke mati","NEG"
"potong kelamin kalo kalah ludah sendiri pengecut di","NEG"
